Workbook

Sheet 使用说明
A1: 如何使用这个每日细化计划
A3: 步骤 | B3: 你每天要做什么 | C3: 标准
A4: 1 打开对应周Sheet | B4: 例如第4周学CAN，就打开“第4周_CAN基础”。每一天有5个模块：早晨复盘、主学习、摸鱼自学1小时、代码实战、岗位雷达。 | C4: 不要只看总览；每日从对应周Sheet执行。
A5: 2 修改G列状态 | B5: 每完成一个模块，把G列状态改为“已完成”；做了一半用“进行中”；卡住就选“卡住”并在J列写原因。 | C5: Dashboard会按各周Sheet的G列统计完成率。
A6: 3 每天保留摸鱼1小时 | B6: 这1小时不是乱刷：20分钟看源码/官方示例，20分钟看岗位JD，20分钟写笔记或README。 | C6: 每天至少产生1条笔记、1条岗位信息或1次源码阅读记录。
A7: 4 证据化学习 | B7: 不要只写“学了CAN”。要留下证据：GitHub提交、串口日志、接线图、协议表、截图、README。 | C7: I列填写证据链接、文件名或截图位置。
A8: 5 每周日复盘 | B8: 看Dashboard完成率；补齐GitHub README；在“周复盘”写本周成果、卡点、下周调整。 | C8: 每周至少一个tag或阶段性commit。
A9: 6 岗位雷达持续更新 | B9: 每天15分钟即可：新增1-3个岗位，提取技术词和差距，不要焦虑式刷招聘。 | C9: 岗位雷达累计越多，学习方向越不容易跑偏。

Sheet Dashboard
A1: STM32工业嵌入式12周计划 Dashboard
A3: 指标 | B3: 数值 | D3: 使用提醒： 1）每天打开对应周Sheet，G列改成“已完成/进行中/卡住”。 2）I列填写证据链接、截图文件名或GitHub commit。 3）每周日回到Dashboard看完成率，低于80%就减量或补课。
A4: 总模块数 | B4: =SUM(C10:C21) -> 420
A5: 已完成模块 | B5: =SUM(D10:D21) -> 0
A6: 总完成率 | B6: =IF(B4=0,0,B5/B4) -> 0
A7: 卡住任务数 | B7: =SUM(F10:F21) -> 0
A9: 周次 | B9: 主题 | C9: 模块数 | D9: 已完成 | E9: 完成率 | F9: 卡住 | G9: 本周关键产出 | H9: 备注
A10: 第1周 | B10: STM32环境搭建 + GitHub + 学习闭环 | C10: =COUNTA(第1周_环境GitHub!$G$4:$G$38) -> 35 | D10: =COUNTIF(第1周_环境GitHub!$G$4:$G$38,"已完成") -> 0 | E10: =IF(C10=0,0,D10/C10) -> 0 | F10: =COUNTIF(第1周_环境GitHub!$G$4:$G$38,"卡住") -> 0 | G10: week01复盘文档 + GitHub tag/release
A11: 第2周 | B11: GPIO/UART/SPI/I2C/ADC/TIM外设基础 | C11: =COUNTA(第2周_外设基础!$G$4:$G$38) -> 35 | D11: =COUNTIF(第2周_外设基础!$G$4:$G$38,"已完成") -> 0 | E11: =IF(C11=0,0,D11/C11) -> 0 | F11: =COUNTIF(第2周_外设基础!$G$4:$G$38,"卡住") -> 0 | G11: week02外设综合Demo
A12: 第3周 | B12: FreeRTOS任务调度与模块协作 | C12: =COUNTA(第3周_FreeRTOS!$G$4:$G$38) -> 35 | D12: =COUNTIF(第3周_FreeRTOS!$G$4:$G$38,"已完成") -> 0 | E12: =IF(C12=0,0,D12/C12) -> 0 | F12: =COUNTIF(第3周_FreeRTOS!$G$4:$G$38,"卡住") -> 0 | G12: week03复盘 + CAN预习笔记
A13: 第4周 | B13: CAN通信基础：帧、位时序、过滤器、收发 | C13: =COUNTA(第4周_CAN基础!$G$4:$G$38) -> 35 | D13: =COUNTIF(第4周_CAN基础!$G$4:$G$38,"已完成") -> 0 | E13: =IF(C13=0,0,D13/C13) -> 0 | F13: =COUNTIF(第4周_CAN基础!$G$4:$G$38,"卡住") -> 0 | G13: week04 CAN基础成果包
A14: 第5周 | B14: CAN应用协议设计：心跳、故障、参数、节点 | C14: =COUNTA(第5周_CAN协议!$G$4:$G$38) -> 35 | D14: =COUNTIF(第5周_CAN协议!$G$4:$G$38,"已完成") -> 0 | E14: =IF(C14=0,0,D14/C14) -> 0 | F14: =COUNTIF(第5周_CAN协议!$G$4:$G$38,"卡住") -> 0 | G14: CAN协议项目成果包
A15: 第6周 | B15: Bootloader/IAP/升级协议 | C15: =COUNTA(第6周_Bootloader!$G$4:$G$38) -> 35 | D15: =COUNTIF(第6周_Bootloader!$G$4:$G$38,"已完成") -> 0 | E15: =IF(C15=0,0,D15/C15) -> 0 | F15: =COUNTIF(第6周_Bootloader!$G$4:$G$38,"卡住") -> 0 | G15: Bootloader/IAP成果包
A16: 第7周 | B16: PWM/编码器/PID/电机控制入门 | C16: =COUNTA(第7周_电机控制!$G$4:$G$38) -> 35 | D16: =COUNTIF(第7周_电机控制!$G$4:$G$38,"已完成") -> 0 | E16: =IF(C16=0,0,D16/C16) -> 0 | F16: =COUNTIF(第7周_电机控制!$G$4:$G$38,"卡住") -> 0 | G16: 电机控制学习成果包
A17: 第8周 | B17: RS485/Modbus/lwIP/工业协议视野 | C17: =COUNTA(第8周_工业协议!$G$4:$G$38) -> 35 | D17: =COUNTIF(第8周_工业协议!$G$4:$G$38,"已完成") -> 0 | E17: =IF(C17=0,0,D17/C17) -> 0 | F17: =COUNTIF(第8周_工业协议!$G$4:$G$38,"卡住") -> 0 | G17: 工业通信学习成果包
A18: 第9周 | B18: 工业IO节点综合项目 | C18: =COUNTA(第9周_综合项目!$G$4:$G$38) -> 35 | D18: =COUNTIF(第9周_综合项目!$G$4:$G$38,"已完成") -> 0 | E18: =IF(C18=0,0,D18/C18) -> 0 | F18: =COUNTIF(第9周_综合项目!$G$4:$G$38,"卡住") -> 0 | G18: 工业IO节点v0.1成果包
A19: 第10周 | B19: 故障诊断、看门狗、通信鲁棒性 | C19: =COUNTA(第10周_诊断可靠性!$G$4:$G$38) -> 35 | D19: =COUNTIF(第10周_诊断可靠性!$G$4:$G$38,"已完成") -> 0 | E19: =IF(C19=0,0,D19/C19) -> 0 | F19: =COUNTIF(第10周_诊断可靠性!$G$4:$G$38,"卡住") -> 0 | G19: 可靠性版本成果包
A20: 第11周 | B20: 代码架构、状态机、可维护性 | C20: =COUNTA(第11周_架构优化!$G$4:$G$38) -> 35 | D20: =COUNTIF(第11周_架构优化!$G$4:$G$38,"已完成") -> 0 | E20: =IF(C20=0,0,D20/C20) -> 0 | F20: =COUNTIF(第11周_架构优化!$G$4:$G$38,"卡住") -> 0 | G20: 项目打磨版 + 目标公司清单
A21: 第12周 | B21: 简历、项目包装、面试与投递 | C21: =COUNTA(第12周_求职面试!$G$4:$G$38) -> 35 | D21: =COUNTIF(第12周_求职面试!$G$4:$G$38,"已完成") -> 0 | E21: =IF(C21=0,0,D21/C21) -> 0 | F21: =COUNTIF(第12周_求职面试!$G$4:$G$38,"卡住") -> 0 | G21: 12周总结 + 投递看板 + 项目v1.0

Sheet 第1周_环境GitHub
A1: 第1周 - STM32环境搭建 + GitHub + 学习闭环
A3: Day | B3: 今日目标 | C3: 模块 | D3: 具体动作 | E3: 建议耗时 | F3: 完成标准/验收方式 | G3: 状态 | H3: 实际耗时 | I3: 证据链接/文件 | J3: 复盘/问题
A4: Day 1 | B4: 搭好开发环境，跑通第一个F407工程 | C4: 早晨复盘 | D4: 确认电脑工具链清单：CubeMX/Keil或STM32CubeIDE/ST-Link驱动/串口工具/Git；建立学习文件夹。 | E4: 15分钟 | F4: 完成昨日复盘和今日启动，不超过15分钟。 | G4: 未开始
A5: Day 1 | B5: 搭好开发环境，跑通第一个F407工程 | C5: 主学习 | D5: 用CubeMX创建STM32F407最小工程：时钟、GPIO、LED；记录工程生成步骤。 | E5: 60-90分钟 | F5: 能用自己的话讲清今天概念，并写入笔记。 | G5: 未开始
A6: Day 1 | B6: 搭好开发环境，跑通第一个F407工程 | C6: 摸鱼自学 | D6: 在GitHub搜索“STM32F4 HAL LED UART CAN”，收藏3个仓库；记录你看不懂的目录名。 | E6: 1小时 | F6: 留下源码阅读记录/链接/笔记；不是无目的刷视频。 | G6: 未开始
A7: Day 1 | B7: 搭好开发环境，跑通第一个F407工程 | C7: 代码实战 | D7: 点亮LED并加一个串口printf启动日志；保存工程截图。 | E7: 60-120分钟 | F7: 工程能编译下载；上电LED闪烁；串口输出版本号；GitHub仓库已创建或本地git init。 | G7: 未开始
A8: Day 1 | B8: 搭好开发环境，跑通第一个F407工程 | C8: 岗位雷达 | D8: Boss/猎聘搜索“嵌入式 STM32 CAN FreeRTOS”，收藏5个岗位，只提取技术关键词。 | E8: 15-20分钟 | F8: 岗位雷达至少新增/更新1条；写清“岗位要求→我差距→下一步”。 | G8: 未开始
A9: Day 2 | B9: 搞清楚启动流程和时钟树 | C9: 早晨复盘 | D9: 复盘昨天工程目录：Core、Drivers、startup、system_stm32f4xx.c分别是什么。 | E9: 15分钟 | F9: 完成昨日复盘和今日启动，不超过15分钟。 | G9: 未开始
A10: Day 2 | B10: 搞清楚启动流程和时钟树 | C10: 主学习 | D10: 学习启动流程：复位向量→startup.s→SystemInit→main；用CubeMX查看RCC/PLL/时钟树。 | E10: 60-90分钟 | F10: 能用自己的话讲清今天概念，并写入笔记。 | G10: 未开始
A11: Day 2 | B11: 搞清楚启动流程和时钟树 | C11: 摸鱼自学 | D11: 打开STM32CubeF4仓库Projects目录，找到一个GPIO或UART示例，只看README和main.c。 | E11: 1小时 | F11: 留下源码阅读记录/链接/笔记；不是无目的刷视频。 | G11: 未开始
A12: Day 2 | B12: 搞清楚启动流程和时钟树 | C12: 代码实战 | D12: 修改主频配置；串口打印SystemCoreClock；把步骤写进README。 | E12: 60-120分钟 | F12: 能口头说明main之前发生了什么；README有时钟配置和验证方法。 | G12: 未开始
A13: Day 2 | B13: 搞清楚启动流程和时钟树 | C13: 岗位雷达 | D13: 挑2个岗位，把“必须/加分/熟悉”要求拆成三列，录入岗位雷达。 | E13: 15-20分钟 | F13: 岗位雷达至少新增/更新1条；写清“岗位要求→我差距→下一步”。 | G13: 未开始
A14: Day 3 | B14: 掌握GPIO输入输出和外部中断 | C14: 早晨复盘 | D14: 画出LED、按键、GND/VCC连接方式；复习上拉/下拉。 | E14: 15分钟 | F14: 完成昨日复盘和今日启动，不超过15分钟。 | G14: 未开始
A15: Day 3 | B15: 掌握GPIO输入输出和外部中断 | C15: 主学习 | D15: 学习GPIO模式、EXTI外部中断、NVIC优先级、HAL_GPIO_EXTI_Callback调用链。 | E15: 60-90分钟 | F15: 能用自己的话讲清今天概念，并写入笔记。 | G15: 未开始
... A38: Day 7 | B38: 完成第1周复盘和可展示成果 | C38: 岗位雷达 | D38: 判断岗位高频词里下周是否要提前加强CAN/RTOS；更新学习计划备注。 | E38: 15-20分钟 | F38: 岗位雷达至少新增/更新1条；写清“岗位要求→我差距→下一步”。 | G38: 未开始

Sheet 第2周_外设基础
A1: 第2周 - GPIO/UART/SPI/I2C/ADC/TIM外设基础
A3: Day | B3: 今日目标 | C3: 模块 | D3: 具体动作 | E3: 建议耗时 | F3: 完成标准/验收方式 | G3: 状态 | H3: 实际耗时 | I3: 证据链接/文件 | J3: 复盘/问题
A4: Day 1 | B4: 把GPIO和定时器基础串起来 | C4: 早晨复盘 | D4: 复盘GPIO输入/输出/中断，列出常见Bug：没开时钟、引脚错、上拉错。 | E4: 15分钟 | F4: 完成昨日复盘和今日启动，不超过15分钟。 | G4: 未开始
A5: Day 1 | B5: 把GPIO和定时器基础串起来 | C5: 主学习 | D5: 学习TIM基本定时、中断周期、预分频PSC和ARR的含义。 | E5: 60-90分钟 | F5: 能用自己的话讲清今天概念，并写入笔记。 | G5: 未开始
A6: Day 1 | B6: 把GPIO和定时器基础串起来 | C6: 摸鱼自学 | D6: 在STM32CubeF4里找TIM Base示例，阅读初始化函数和中断回调。 | E6: 1小时 | F6: 留下源码阅读记录/链接/笔记；不是无目的刷视频。 | G6: 未开始
A7: Day 1 | B7: 把GPIO和定时器基础串起来 | C7: 代码实战 | D7: 用定时器中断实现1秒心跳LED，不再依赖HAL_Delay。 | E7: 60-120分钟 | F7: 能算出1ms/1s定时参数；LED周期稳定；代码提交。 | G7: 未开始
A8: Day 1 | B8: 把GPIO和定时器基础串起来 | C8: 岗位雷达 | D8: 新增3条岗位，重点看是否要求“定时器/PWM/采集”。 | E8: 15-20分钟 | F8: 岗位雷达至少新增/更新1条；写清“岗位要求→我差距→下一步”。 | G8: 未开始
A9: Day 2 | B9: 掌握UART中断/DMA接收思路 | C9: 早晨复盘 | D9: 复盘阻塞式串口的问题：卡CPU、丢数据、实时性差。 | E9: 15分钟 | F9: 完成昨日复盘和今日启动，不超过15分钟。 | G9: 未开始
A10: Day 2 | B10: 掌握UART中断/DMA接收思路 | C10: 主学习 | D10: 学习UART Receive_IT和DMA循环接收；理解回调、缓冲区、半包/粘包。 | E10: 60-90分钟 | F10: 能用自己的话讲清今天概念，并写入笔记。 | G10: 未开始
A11: Day 2 | B11: 掌握UART中断/DMA接收思路 | C11: 摸鱼自学 | D11: 看HAL_UART_RxCpltCallback示例，记录重新开启接收的位置。 | E11: 1小时 | F11: 留下源码阅读记录/链接/笔记；不是无目的刷视频。 | G11: 未开始
A12: Day 2 | B12: 掌握UART中断/DMA接收思路 | C12: 代码实战 | D12: 实现串口接收一行命令，以 结尾解析help/status。 | E12: 60-120分钟 | F12: 连续输入10条命令不死机；错误命令有提示；README有命令列表。 | G12: 未开始
A13: Day 2 | B13: 掌握UART中断/DMA接收思路 | C13: 岗位雷达 | D13: 分析1个要求“串口协议/上位机通信”的岗位，记录它的应用场景。 | E13: 15-20分钟 | F13: 岗位雷达至少新增/更新1条；写清“岗位要求→我差距→下一步”。 | G13: 未开始
A14: Day 3 | B14: 理解I2C设备通信流程 | C14: 早晨复盘 | D14: 画I2C连线：SCL/SDA/上拉；复习地址、ACK、读写方向。 | E14: 15分钟 | F14: 完成昨日复盘和今日启动，不超过15分钟。 | G14: 未开始
A15: Day 3 | B15: 理解I2C设备通信流程 | C15: 主学习 | D15: 学习I2C读写寄存器流程；如果没有硬件，用伪代码写EEPROM/传感器读写流程。 | E15: 60-90分钟 | F15: 能用自己的话讲清今天概念，并写入笔记。 | G15: 未开始
... A38: Day 7 | B38: 外设周小项目：采集终端雏形 | C38: 岗位雷达 | D38: 周汇总：岗位高频外设Top5 + 自己证据是否足够。 | E38: 15-20分钟 | F38: 岗位雷达至少新增/更新1条；写清“岗位要求→我差距→下一步”。 | G38: 未开始

Sheet 第3周_FreeRTOS
A1: 第3周 - FreeRTOS任务调度与模块协作
A3: Day | B3: 今日目标 | C3: 模块 | D3: 具体动作 | E3: 建议耗时 | F3: 完成标准/验收方式 | G3: 状态 | H3: 实际耗时 | I3: 证据链接/文件 | J3: 复盘/问题
A4: Day 1 | B4: 理解RTOS为什么存在 | C4: 早晨复盘 | D4: 列出裸机while循环的痛点：延时阻塞、任务耦合、响应慢。 | E4: 15分钟 | F4: 完成昨日复盘和今日启动，不超过15分钟。 | G4: 未开始
A5: Day 1 | B5: 理解RTOS为什么存在 | C5: 主学习 | D5: 学习FreeRTOS任务、调度、优先级、tick；创建LED任务和日志任务。 | E5: 60-90分钟 | F5: 能用自己的话讲清今天概念，并写入笔记。 | G5: 未开始
A6: Day 1 | B6: 理解RTOS为什么存在 | C6: 摸鱼自学 | D6: 阅读FreeRTOS官方Kernel仓库README/目录，搞清tasks.c/queue.c/list.c。 | E6: 1小时 | F6: 留下源码阅读记录/链接/笔记；不是无目的刷视频。 | G6: 未开始
A7: Day 1 | B7: 理解RTOS为什么存在 | C7: 代码实战 | D7: 创建2个任务：LED心跳任务、串口打印任务；不同周期运行。 | E7: 60-120分钟 | F7: 两个任务互不阻塞；能解释vTaskDelay和HAL_Delay区别。 | G7: 未开始
A8: Day 1 | B8: 理解RTOS为什么存在 | C8: 岗位雷达 | D8: 收集3个要求FreeRTOS的岗位，记录它们还要求哪些通信协议。 | E8: 15-20分钟 | F8: 岗位雷达至少新增/更新1条；写清“岗位要求→我差距→下一步”。 | G8: 未开始
A9: Day 2 | B9: 用队列解耦任务 | C9: 早晨复盘 | D9: 复盘任务间直接调用的问题：耦合、阻塞、难测试。 | E9: 15分钟 | F9: 完成昨日复盘和今日启动，不超过15分钟。 | G9: 未开始
A10: Day 2 | B10: 用队列解耦任务 | C10: 主学习 | D10: 学习Queue创建、发送、接收、超时；设计log_queue或cmd_queue。 | E10: 60-90分钟 | F10: 能用自己的话讲清今天概念，并写入笔记。 | G10: 未开始
A11: Day 2 | B11: 用队列解耦任务 | C11: 摸鱼自学 | D11: 看FreeRTOS queue.c接口注释，记录xQueueSend/xQueueReceive参数。 | E11: 1小时 | F11: 留下源码阅读记录/链接/笔记；不是无目的刷视频。 | G11: 未开始
A12: Day 2 | B12: 用队列解耦任务 | C12: 代码实战 | D12: 串口接收任务把命令放进队列，控制任务消费命令。 | E12: 60-120分钟 | F12: 串口任务不直接控制LED；命令经队列传递；错误命令不阻塞。 | G12: 未开始
A13: Day 2 | B13: 用队列解耦任务 | C13: 岗位雷达 | D13: 记录岗位里“任务间通信/消息队列/多线程”相关描述。 | E13: 15-20分钟 | F13: 岗位雷达至少新增/更新1条；写清“岗位要求→我差距→下一步”。 | G13: 未开始
A14: Day 3 | B14: 掌握信号量和互斥锁 | C14: 早晨复盘 | D14: 写出二值信号量、计数信号量、互斥锁区别。 | E14: 15分钟 | F14: 完成昨日复盘和今日启动，不超过15分钟。 | G14: 未开始
A15: Day 3 | B15: 掌握信号量和互斥锁 | C15: 主学习 | D15: 学习Semaphore/Mutex使用场景：中断通知任务、保护共享资源。 | E15: 60-90分钟 | F15: 能用自己的话讲清今天概念，并写入笔记。 | G15: 未开始
... A38: Day 7 | B38: 第3周复盘，准备进入CAN | C38: 岗位雷达 | D38: 更新岗位雷达Top10关键词；标记下周必须补的CAN项。 | E38: 15-20分钟 | F38: 岗位雷达至少新增/更新1条；写清“岗位要求→我差距→下一步”。 | G38: 未开始

Sheet 第4周_CAN基础
A1: 第4周 - CAN通信基础：帧、位时序、过滤器、收发
A3: Day | B3: 今日目标 | C3: 模块 | D3: 具体动作 | E3: 建议耗时 | F3: 完成标准/验收方式 | G3: 状态 | H3: 实际耗时 | I3: 证据链接/文件 | J3: 复盘/问题
A4: Day 1 | B4: 认识CAN物理层和实验条件 | C4: 早晨复盘 | D4: 列出你手头硬件：F407板数量、是否有SN65HVD230/TJA1050、USB-CAN、120欧终端电阻。 | E4: 15分钟 | F4: 完成昨日复盘和今日启动，不超过15分钟。 | G4: 未开始
A5: Day 1 | B5: 认识CAN物理层和实验条件 | C5: 主学习 | D5: 学习CAN_H/CAN_L差分、终端电阻、收发器、节点、总线拓扑；没有硬件就先用Loopback。 | E5: 60-90分钟 | F5: 能用自己的话讲清今天概念，并写入笔记。 | G5: 未开始
A6: Day 1 | B6: 认识CAN物理层和实验条件 | C6: 摸鱼自学 | D6: 在GitHub搜索“STM32F4 CAN HAL LoopBack”，收藏2个可参考工程。 | E6: 1小时 | F6: 留下源码阅读记录/链接/笔记；不是无目的刷视频。 | G6: 未开始
A7: Day 1 | B7: 认识CAN物理层和实验条件 | C7: 代码实战 | D7: 画出CAN接线图：MCU CAN_TX/RX→收发器→CAN_H/L→终端电阻。 | E7: 60-120分钟 | F7: 能说明为什么MCU不能直接接CAN_H/L；知道没有硬件如何用Loopback先练。 | G7: 未开始
A8: Day 1 | B8: 认识CAN物理层和实验条件 | C8: 岗位雷达 | D8: 岗位雷达只筛选含CAN的岗位，记录行业：BMS/电机/工控/机器人/汽车电子。 | E8: 15-20分钟 | F8: 岗位雷达至少新增/更新1条；写清“岗位要求→我差距→下一步”。 | G8: 未开始
A9: Day 2 | B9: 掌握CAN帧格式和ID设计 | C9: 早晨复盘 | D9: 复盘标准帧/扩展帧、数据帧/远程帧、DLC、仲裁。 | E9: 15分钟 | F9: 完成昨日复盘和今日启动，不超过15分钟。 | G9: 未开始
A10: Day 2 | B10: 掌握CAN帧格式和ID设计 | C10: 主学习 | D10: 学习标准ID 11位、扩展ID 29位、优先级仲裁；设计项目ID分配表。 | E10: 60-90分钟 | F10: 能用自己的话讲清今天概念，并写入笔记。 | G10: 未开始
A11: Day 2 | B11: 掌握CAN帧格式和ID设计 | C11: 摸鱼自学 | D11: 阅读CANopenNode文档/README，只理解“对象字典、PDO、SDO、心跳”这些名词。 | E11: 1小时 | F11: 留下源码阅读记录/链接/笔记；不是无目的刷视频。 | G11: 未开始
A12: Day 2 | B12: 掌握CAN帧格式和ID设计 | C12: 代码实战 | D12: 设计你的CAN ID表：0x100心跳、0x200状态、0x300命令、0x400故障。 | E12: 60-120分钟 | F12: 每个ID有方向、周期、DLC、字段含义；能解释ID越小优先级越高。 | G12: 未开始
A13: Day 2 | B13: 掌握CAN帧格式和ID设计 | C13: 岗位雷达 | D13: 对比3个CAN岗位，看它们要求的是“会CAN收发”还是“会协议设计/诊断”。 | E13: 15-20分钟 | F13: 岗位雷达至少新增/更新1条；写清“岗位要求→我差距→下一步”。 | G13: 未开始
A14: Day 3 | B14: 学会CAN位时序和波特率配置 | C14: 早晨复盘 | D14: 写出CAN位时间组成：Sync/BS1/BS2/SJW/Prescaler。 | E14: 15分钟 | F14: 完成昨日复盘和今日启动，不超过15分钟。 | G14: 未开始
A15: Day 3 | B15: 学会CAN位时序和波特率配置 | C15: 主学习 | D15: 学习500kbps/250kbps常见配置；在CubeMX里配置CAN1波特率和采样点。 | E15: 60-90分钟 | F15: 能用自己的话讲清今天概念，并写入笔记。 | G15: 未开始
... A38: Day 7 | B38: 第4周CAN基础复盘 | C38: 岗位雷达 | D38: 本周CAN岗位总结：哪些要求你现在能证明，哪些还缺项目证据。 | E38: 15-20分钟 | F38: 岗位雷达至少新增/更新1条；写清“岗位要求→我差距→下一步”。 | G38: 未开始

Sheet 第5周_CAN协议
A1: 第5周 - CAN应用协议设计：心跳、故障、参数、节点
A3: Day | B3: 今日目标 | C3: 模块 | D3: 具体动作 | E3: 建议耗时 | F3: 完成标准/验收方式 | G3: 状态 | H3: 实际耗时 | I3: 证据链接/文件 | J3: 复盘/问题
A4: Day 1 | B4: 设计一个像样的CAN应用协议 | C4: 早晨复盘 | D4: 复盘CAN只是传输层，企业更看重你会不会设计“业务协议”。 | E4: 15分钟 | F4: 完成昨日复盘和今日启动，不超过15分钟。 | G4: 未开始
A5: Day 1 | B5: 设计一个像样的CAN应用协议 | C5: 主学习 | D5: 定义项目场景：主控+传感节点+执行节点；设计NodeID、消息类型、周期、超时。 | E5: 60-90分钟 | F5: 能用自己的话讲清今天概念，并写入笔记。 | G5: 未开始
A6: Day 1 | B6: 设计一个像样的CAN应用协议 | C6: 摸鱼自学 | D6: 阅读CANopenNode概念：Node、Object Dictionary、PDO、SDO、Heartbeat，只做高层理解。 | E6: 1小时 | F6: 留下源码阅读记录/链接/笔记；不是无目的刷视频。 | G6: 未开始
A7: Day 1 | B7: 设计一个像样的CAN应用协议 | C7: 代码实战 | D7: 写can_protocol.h：ID宏、数据结构、命令枚举、错误码枚举。 | E7: 60-120分钟 | F7: 协议文档包含ID表、字段表、周期、方向、超时策略。 | G7: 未开始
A8: Day 1 | B8: 设计一个像样的CAN应用协议 | C8: 岗位雷达 | D8: 岗位雷达筛选“CANopen/UDS/J1939”，记录哪些行业用这些协议。 | E8: 15-20分钟 | F8: 岗位雷达至少新增/更新1条；写清“岗位要求→我差距→下一步”。 | G8: 未开始
A9: Day 2 | B9: 实现心跳和在线检测 | C9: 早晨复盘 | D9: 写出心跳包字段：node_id、state、error_code、uptime。 | E9: 15分钟 | F9: 完成昨日复盘和今日启动，不超过15分钟。 | G9: 未开始
A10: Day 2 | B10: 实现心跳和在线检测 | C10: 主学习 | D10: 学习在线检测：周期发送、last_rx_tick、timeout、离线恢复。 | E10: 60-90分钟 | F10: 能用自己的话讲清今天概念，并写入笔记。 | G10: 未开始
A11: Day 2 | B11: 实现心跳和在线检测 | C11: 摸鱼自学 | D11: 看CANopen heartbeat/Node guarding概念，理解它解决什么问题。 | E11: 1小时 | F11: 留下源码阅读记录/链接/笔记；不是无目的刷视频。 | G11: 未开始
A12: Day 2 | B12: 实现心跳和在线检测 | C12: 代码实战 | D12: 实现can_heartbeat_send和can_node_monitor_update；超时打印节点离线。 | E12: 60-120分钟 | F12: 模拟停止心跳后能判定离线；恢复发送后能判定上线。 | G12: 未开始
A13: Day 2 | B13: 实现心跳和在线检测 | C13: 岗位雷达 | D13: 分析岗位里“设备状态监控/故障诊断”的真实含义。 | E13: 15-20分钟 | F13: 岗位雷达至少新增/更新1条；写清“岗位要求→我差距→下一步”。 | G13: 未开始
A14: Day 3 | B14: 实现参数读写协议 | C14: 早晨复盘 | D14: 复盘命令-响应模型：请求ID、响应ID、序号、状态码。 | E14: 15分钟 | F14: 完成昨日复盘和今日启动，不超过15分钟。 | G14: 未开始
A15: Day 3 | B15: 实现参数读写协议 | C15: 主学习 | D15: 设计参数读写：read_param/write_param，参数ID，长度，返回码。 | E15: 60-90分钟 | F15: 能用自己的话讲清今天概念，并写入笔记。 | G15: 未开始
... A38: Day 7 | B38: 第5周做成可展示的CAN小项目 | C38: 岗位雷达 | D38: 把这个CAN项目转成简历项目描述3句话。 | E38: 15-20分钟 | F38: 岗位雷达至少新增/更新1条；写清“岗位要求→我差距→下一步”。 | G38: 未开始

Sheet 第6周_Bootloader
A1: 第6周 - Bootloader/IAP/升级协议
A3: Day | B3: 今日目标 | C3: 模块 | D3: 具体动作 | E3: 建议耗时 | F3: 完成标准/验收方式 | G3: 状态 | H3: 实际耗时 | I3: 证据链接/文件 | J3: 复盘/问题
A4: Day 1 | B4: 理解Bootloader/IAP整体流程 | C4: 早晨复盘 | D4: 写出Bootloader和APP的关系：谁先启动、如何跳转、为什么升级。 | E4: 15分钟 | F4: 完成昨日复盘和今日启动，不超过15分钟。 | G4: 未开始
A5: Day 1 | B5: 理解Bootloader/IAP整体流程 | C5: 主学习 | D5: 学习启动地址、向量表、Flash分区、APP有效性检查。 | E5: 60-90分钟 | F5: 能用自己的话讲清今天概念，并写入笔记。 | G5: 未开始
A6: Day 1 | B6: 理解Bootloader/IAP整体流程 | C6: 摸鱼自学 | D6: GitHub搜索“STM32 bootloader IAP F4”，看README和分区表。 | E6: 1小时 | F6: 留下源码阅读记录/链接/笔记；不是无目的刷视频。 | G6: 未开始
A7: Day 1 | B7: 理解Bootloader/IAP整体流程 | C7: 代码实战 | D7: 画Flash布局：Bootloader区、APP区、参数区；写跳转伪代码。 | E7: 60-120分钟 | F7: 能解释为什么要重设MSP和跳转向量表；知道APP起始地址。 | G7: 未开始
A8: Day 1 | B8: 理解Bootloader/IAP整体流程 | C8: 岗位雷达 | D8: 记录岗位里“Bootloader/OTA/IAP/固件升级”出现次数和行业。 | E8: 15-20分钟 | F8: 岗位雷达至少新增/更新1条；写清“岗位要求→我差距→下一步”。 | G8: 未开始
A9: Day 2 | B9: 实现APP有效性和跳转框架 | C9: 早晨复盘 | D9: 复盘中断向量表首地址、栈顶地址、Reset_Handler。 | E9: 15分钟 | F9: 完成昨日复盘和今日启动，不超过15分钟。 | G9: 未开始
A10: Day 2 | B10: 实现APP有效性和跳转框架 | C10: 主学习 | D10: 学习判断APP是否合法：栈顶范围、CRC/版本信息、魔术字。 | E10: 60-90分钟 | F10: 能用自己的话讲清今天概念，并写入笔记。 | G10: 未开始
A11: Day 2 | B11: 实现APP有效性和跳转框架 | C11: 摸鱼自学 | D11: 看一个Bootloader开源项目如何判断APP有效。 | E11: 1小时 | F11: 留下源码阅读记录/链接/笔记；不是无目的刷视频。 | G11: 未开始
A12: Day 2 | B12: 实现APP有效性和跳转框架 | C12: 代码实战 | D12: 写boot_check_app和boot_jump_to_app伪代码/模板代码。 | E12: 60-120分钟 | F12: 代码中有地址宏和有效性检查；流程图能说明跳转步骤。 | G12: 未开始
A13: Day 2 | B13: 实现APP有效性和跳转框架 | C13: 岗位雷达 | D13: 收集1个有“固件升级”要求的岗位，分析它可能用串口/CAN/以太网哪种升级。 | E13: 15-20分钟 | F13: 岗位雷达至少新增/更新1条；写清“岗位要求→我差距→下一步”。 | G13: 未开始
A14: Day 3 | B14: 设计串口IAP升级协议 | C14: 早晨复盘 | D14: 复盘协议包字段：帧头、命令、长度、数据、CRC、序号。 | E14: 15分钟 | F14: 完成昨日复盘和今日启动，不超过15分钟。 | G14: 未开始
A15: Day 3 | B15: 设计串口IAP升级协议 | C15: 主学习 | D15: 设计USART升级命令：start、data、end、ack、error；考虑重传和超时。 | E15: 60-90分钟 | F15: 能用自己的话讲清今天概念，并写入笔记。 | G15: 未开始
... A38: Day 7 | B38: 第6周复盘：升级能力成型 | C38: 岗位雷达 | D38: 把升级相关岗位加入目标公司清单，看是否值得作为主项目亮点。 | E38: 15-20分钟 | F38: 岗位雷达至少新增/更新1条；写清“岗位要求→我差距→下一步”。 | G38: 未开始

Sheet 第7周_电机控制
A1: 第7周 - PWM/编码器/PID/电机控制入门
A3: Day | B3: 今日目标 | C3: 模块 | D3: 具体动作 | E3: 建议耗时 | F3: 完成标准/验收方式 | G3: 状态 | H3: 实际耗时 | I3: 证据链接/文件 | J3: 复盘/问题
A4: Day 1 | B4: 理解电机控制最小闭环 | C4: 早晨复盘 | D4: 列出电机控制链路：PWM输出→驱动器→电机→编码器/测速→控制算法。 | E4: 15分钟 | F4: 完成昨日复盘和今日启动，不超过15分钟。 | G4: 未开始
A5: Day 1 | B5: 理解电机控制最小闭环 | C5: 主学习 | D5: 学习PWM频率、占空比、死区、方向控制；不做高压危险实验。 | E5: 60-90分钟 | F5: 能用自己的话讲清今天概念，并写入笔记。 | G5: 未开始
A6: Day 1 | B6: 理解电机控制最小闭环 | C6: 摸鱼自学 | D6: 搜索“STM32 PWM motor encoder PID”，收藏2个结构清晰的项目。 | E6: 1小时 | F6: 留下源码阅读记录/链接/笔记；不是无目的刷视频。 | G6: 未开始
A7: Day 1 | B7: 理解电机控制最小闭环 | C7: 代码实战 | D7: 封装motor_pwm_set和motor_dir_set接口，用LED/PWM模拟输出。 | E7: 60-120分钟 | F7: 接口清晰；知道没有电机时如何先用PWM波形/LED验证。 | G7: 未开始
A8: Day 1 | B8: 理解电机控制最小闭环 | C8: 岗位雷达 | D8: 筛选“电机控制/伺服/机器人”岗位，记录必备词：PWM、编码器、PID、FOC、CAN。 | E8: 15-20分钟 | F8: 岗位雷达至少新增/更新1条；写清“岗位要求→我差距→下一步”。 | G8: 未开始
A9: Day 2 | B9: 掌握编码器/测速基本思路 | C9: 早晨复盘 | D9: 复盘定时器输入捕获、编码器模式、计数溢出。 | E9: 15分钟 | F9: 完成昨日复盘和今日启动，不超过15分钟。 | G9: 未开始
A10: Day 2 | B10: 掌握编码器/测速基本思路 | C10: 主学习 | D10: 学习增量式编码器A/B相、方向、脉冲计数、速度计算。 | E10: 60-90分钟 | F10: 能用自己的话讲清今天概念，并写入笔记。 | G10: 未开始
A11: Day 2 | B11: 掌握编码器/测速基本思路 | C11: 摸鱼自学 | D11: 看STM32 TIM Encoder示例或文章，记录初始化关键参数。 | E11: 1小时 | F11: 留下源码阅读记录/链接/笔记；不是无目的刷视频。 | G11: 未开始
A12: Day 2 | B12: 掌握编码器/测速基本思路 | C12: 代码实战 | D12: 写encoder_get_count和speed_calc函数，用模拟计数数据测试。 | E12: 60-120分钟 | F12: 给定脉冲数和周期能算速度；考虑计数溢出。 | G12: 未开始
A13: Day 2 | B13: 掌握编码器/测速基本思路 | C13: 岗位雷达 | D13: 分析岗位里“编码器/传感器反馈/闭环控制”的要求层级。 | E13: 15-20分钟 | F13: 岗位雷达至少新增/更新1条；写清“岗位要求→我差距→下一步”。 | G13: 未开始
A14: Day 3 | B14: 建立PID控制直觉 | C14: 早晨复盘 | D14: 用一句话解释P/I/D：当前误差、历史误差、误差变化。 | E14: 15分钟 | F14: 完成昨日复盘和今日启动，不超过15分钟。 | G14: 未开始
A15: Day 3 | B15: 建立PID控制直觉 | C15: 主学习 | D15: 学习位置式PID/增量式PID、限幅、积分饱和。 | E15: 60-90分钟 | F15: 能用自己的话讲清今天概念，并写入笔记。 | G15: 未开始
... A38: Day 7 | B38: 第7周电机控制复盘 | C38: 岗位雷达 | D38: 判断自己是否想主攻工控/机器人/电机方向，写下理由。 | E38: 15-20分钟 | F38: 岗位雷达至少新增/更新1条；写清“岗位要求→我差距→下一步”。 | G38: 未开始

Sheet 第8周_工业协议
A1: 第8周 - RS485/Modbus/lwIP/工业协议视野
A3: Day | B3: 今日目标 | C3: 模块 | D3: 具体动作 | E3: 建议耗时 | F3: 完成标准/验收方式 | G3: 状态 | H3: 实际耗时 | I3: 证据链接/文件 | J3: 复盘/问题
A4: Day 1 | B4: 理解RS485物理层和半双工 | C4: 早晨复盘 | D4: 对比CAN和RS485：总线、仲裁、协议、物理层。 | E4: 15分钟 | F4: 完成昨日复盘和今日启动，不超过15分钟。 | G4: 未开始
A5: Day 1 | B5: 理解RS485物理层和半双工 | C5: 主学习 | D5: 学习RS485 A/B差分、半双工、DE/RE方向控制、终端电阻。 | E5: 60-90分钟 | F5: 能用自己的话讲清今天概念，并写入笔记。 | G5: 未开始
A6: Day 1 | B6: 理解RS485物理层和半双工 | C6: 摸鱼自学 | D6: 搜索“STM32 RS485 Modbus RTU HAL”，收藏2个参考工程。 | E6: 1小时 | F6: 留下源码阅读记录/链接/笔记；不是无目的刷视频。 | G6: 未开始
A7: Day 1 | B7: 理解RS485物理层和半双工 | C7: 代码实战 | D7: 设计rs485_send/rs485_recv接口；用UART模拟半双工方向控制。 | E7: 60-120分钟 | F7: 能说明RS485不是协议，Modbus才是常见上层协议。 | G7: 未开始
A8: Day 1 | B8: 理解RS485物理层和半双工 | C8: 岗位雷达 | D8: 筛选“工业通信/Modbus/RS485”岗位，记录行业和薪资范围。 | E8: 15-20分钟 | F8: 岗位雷达至少新增/更新1条；写清“岗位要求→我差距→下一步”。 | G8: 未开始
A9: Day 2 | B9: 掌握Modbus RTU帧和CRC | C9: 早晨复盘 | D9: 写出Modbus RTU帧：地址、功能码、数据、CRC。 | E9: 15分钟 | F9: 完成昨日复盘和今日启动，不超过15分钟。 | G9: 未开始
A10: Day 2 | B10: 掌握Modbus RTU帧和CRC | C10: 主学习 | D10: 学习03读保持寄存器、06写单寄存器、16写多寄存器；CRC16。 | E10: 60-90分钟 | F10: 能用自己的话讲清今天概念，并写入笔记。 | G10: 未开始
A11: Day 2 | B11: 掌握Modbus RTU帧和CRC | C11: 摸鱼自学 | D11: 阅读libmodbus README或源码目录，理解它支持RTU/TCP和常见功能码。 | E11: 1小时 | F11: 留下源码阅读记录/链接/笔记；不是无目的刷视频。 | G11: 未开始
A12: Day 2 | B12: 掌握Modbus RTU帧和CRC | C12: 代码实战 | D12: 写modbus_crc16函数，并用已知数据测试。 | E12: 60-120分钟 | F12: 给定一帧能算CRC；能解释功能码03/06/16用途。 | G12: 未开始
A13: Day 2 | B13: 掌握Modbus RTU帧和CRC | C13: 岗位雷达 | D13: 岗位雷达新增Modbus RTU/TCP字段，统计出现频率。 | E13: 15-20分钟 | F13: 岗位雷达至少新增/更新1条；写清“岗位要求→我差距→下一步”。 | G13: 未开始
A14: Day 3 | B14: 实现Modbus从站寄存器模型 | C14: 早晨复盘 | D14: 复盘寄存器表：地址、名称、读写权限、缩放系数。 | E14: 15分钟 | F14: 完成昨日复盘和今日启动，不超过15分钟。 | G14: 未开始
A15: Day 3 | B15: 实现Modbus从站寄存器模型 | C15: 主学习 | D15: 设计holding_registers数组和寄存器映射表。 | E15: 60-90分钟 | F15: 能用自己的话讲清今天概念，并写入笔记。 | G15: 未开始
... A38: Day 7 | B38: 第8周工业通信复盘 | C38: 岗位雷达 | D38: 周汇总：当前市场更偏CAN、Modbus、RTOS还是Linux？写判断。 | E38: 15-20分钟 | F38: 岗位雷达至少新增/更新1条；写清“岗位要求→我差距→下一步”。 | G38: 未开始

Sheet 第9周_综合项目
A1: 第9周 - 工业IO节点综合项目
A3: Day | B3: 今日目标 | C3: 模块 | D3: 具体动作 | E3: 建议耗时 | F3: 完成标准/验收方式 | G3: 状态 | H3: 实际耗时 | I3: 证据链接/文件 | J3: 复盘/问题
A4: Day 1 | B4: 定义一个综合项目：工业IO节点 | C4: 早晨复盘 | D4: 写项目一句话：一个支持CAN/Modbus的F407工业IO节点。 | E4: 15分钟 | F4: 完成昨日复盘和今日启动，不超过15分钟。 | G4: 未开始
A5: Day 1 | B5: 定义一个综合项目：工业IO节点 | C5: 主学习 | D5: 定义需求：采集输入、控制输出、CAN状态、Modbus寄存器、故障上报、串口调试。 | E5: 60-90分钟 | F5: 能用自己的话讲清今天概念，并写入笔记。 | G5: 未开始
A6: Day 1 | B6: 定义一个综合项目：工业IO节点 | C6: 摸鱼自学 | D6: 看2个工业设备/IO模块产品页，学习它们如何描述功能。 | E6: 1小时 | F6: 留下源码阅读记录/链接/笔记；不是无目的刷视频。 | G6: 未开始
A7: Day 1 | B7: 定义一个综合项目：工业IO节点 | C7: 代码实战 | D7: 写项目PRD：硬件假设、功能列表、通信协议、验收指标。 | E7: 60-120分钟 | F7: 需求不是空泛学习，而是能对应岗位JD的项目。 | G7: 未开始
A8: Day 1 | B8: 定义一个综合项目：工业IO节点 | C8: 岗位雷达 | D8: 把目标岗位要求映射到项目功能：CAN、RTOS、Modbus、故障诊断分别对应哪部分。 | E8: 15-20分钟 | F8: 岗位雷达至少新增/更新1条；写清“岗位要求→我差距→下一步”。 | G8: 未开始
A9: Day 2 | B9: 搭建项目架构 | C9: 早晨复盘 | D9: 复盘前面模块：bsp、driver、protocol、app、docs。 | E9: 15分钟 | F9: 完成昨日复盘和今日启动，不超过15分钟。 | G9: 未开始
A10: Day 2 | B10: 搭建项目架构 | C10: 主学习 | D10: 设计项目目录和任务：io_task、can_task、modbus_task、monitor_task、log_task。 | E10: 60-90分钟 | F10: 能用自己的话讲清今天概念，并写入笔记。 | G10: 未开始
A11: Day 2 | B11: 搭建项目架构 | C11: 摸鱼自学 | D11: 看一个成熟工程目录，学习docs/scripts/tests如何放。 | E11: 1小时 | F11: 留下源码阅读记录/链接/笔记；不是无目的刷视频。 | G11: 未开始
A12: Day 2 | B12: 搭建项目架构 | C12: 代码实战 | D12: 创建工程骨架和README目录；画架构图。 | E12: 60-120分钟 | F12: 每个模块职责清楚；README有整体架构图。 | G12: 未开始
A13: Day 2 | B13: 搭建项目架构 | C13: 岗位雷达 | D13: 挑3个目标岗位，检查项目架构是否覆盖它们的核心要求。 | E13: 15-20分钟 | F13: 岗位雷达至少新增/更新1条；写清“岗位要求→我差距→下一步”。 | G13: 未开始
A14: Day 3 | B14: 实现数据采集任务 | C14: 早晨复盘 | D14: 复盘ADC滤波、定时器周期任务、寄存器表。 | E14: 15分钟 | F14: 完成昨日复盘和今日启动，不超过15分钟。 | G14: 未开始
A15: Day 3 | B15: 实现数据采集任务 | C15: 主学习 | D15: 设计DI/AI数据结构、采样周期、滤波、状态缓存。 | E15: 60-90分钟 | F15: 能用自己的话讲清今天概念，并写入笔记。 | G15: 未开始
... A38: Day 7 | B38: 第9周项目演示版本 | C38: 岗位雷达 | D38: 用项目反推简历：哪些岗位会对这个项目感兴趣。 | E38: 15-20分钟 | F38: 岗位雷达至少新增/更新1条；写清“岗位要求→我差距→下一步”。 | G38: 未开始

Sheet 第10周_诊断可靠性
A1: 第10周 - 故障诊断、看门狗、通信鲁棒性
A3: Day | B3: 今日目标 | C3: 模块 | D3: 具体动作 | E3: 建议耗时 | F3: 完成标准/验收方式 | G3: 状态 | H3: 实际耗时 | I3: 证据链接/文件 | J3: 复盘/问题
A4: Day 1 | B4: 加入独立看门狗和任务健康监控 | C4: 早晨复盘 | D4: 写出看门狗目的：系统跑飞后自动恢复，不是掩盖Bug。 | E4: 15分钟 | F4: 完成昨日复盘和今日启动，不超过15分钟。 | G4: 未开始
A5: Day 1 | B5: 加入独立看门狗和任务健康监控 | C5: 主学习 | D5: 学习IWDG/WWDG、喂狗策略、任务心跳表。 | E5: 60-90分钟 | F5: 能用自己的话讲清今天概念，并写入笔记。 | G5: 未开始
A6: Day 1 | B6: 加入独立看门狗和任务健康监控 | C6: 摸鱼自学 | D6: 看开源项目中watchdog/feed/health_monitor命名。 | E6: 1小时 | F6: 留下源码阅读记录/链接/笔记；不是无目的刷视频。 | G6: 未开始
A7: Day 1 | B7: 加入独立看门狗和任务健康监控 | C7: 代码实战 | D7: 实现每个任务更新心跳，monitor_task判断是否允许喂狗。 | E7: 60-120分钟 | F7: 某任务超时后能记录故障；不是所有地方乱喂狗。 | G7: 未开始
A8: Day 1 | B8: 加入独立看门狗和任务健康监控 | C8: 岗位雷达 | D8: 岗位雷达记录“稳定性/可靠性/量产经验”相关表述。 | E8: 15-20分钟 | F8: 岗位雷达至少新增/更新1条；写清“岗位要求→我差距→下一步”。 | G8: 未开始
A9: Day 2 | B9: 系统化故障处理 | C9: 早晨复盘 | D9: 复盘故障码、等级、恢复策略、日志。 | E9: 15分钟 | F9: 完成昨日复盘和今日启动，不超过15分钟。 | G9: 未开始
A10: Day 2 | B10: 系统化故障处理 | C10: 主学习 | D10: 设计故障策略：忽略、告警、降级、停机、重启。 | E10: 60-90分钟 | F10: 能用自己的话讲清今天概念，并写入笔记。 | G10: 未开始
A11: Day 2 | B11: 系统化故障处理 | C11: 摸鱼自学 | D11: 看工业设备手册中的报警等级，学习描述方式。 | E11: 1小时 | F11: 留下源码阅读记录/链接/笔记；不是无目的刷视频。 | G11: 未开始
A12: Day 2 | B12: 系统化故障处理 | C12: 代码实战 | D12: 给每个故障码补处理策略和清除条件；串口命令fault list/clear。 | E12: 60-120分钟 | F12: 故障不是只打印；有等级、有策略、有清除条件。 | G12: 未开始
A13: Day 2 | B13: 系统化故障处理 | C13: 岗位雷达 | D13: 找1个要求“异常处理/故障定位”的岗位，提炼面试可能问法。 | E13: 15-20分钟 | F13: 岗位雷达至少新增/更新1条；写清“岗位要求→我差距→下一步”。 | G13: 未开始
A14: Day 3 | B14: 通信鲁棒性：超时、重试、队列满 | C14: 早晨复盘 | D14: 列出通信问题：丢包、乱序、重复、超时、队列满、总线关闭。 | E14: 15分钟 | F14: 完成昨日复盘和今日启动，不超过15分钟。 | G14: 未开始
A15: Day 3 | B15: 通信鲁棒性：超时、重试、队列满 | C15: 主学习 | D15: 学习CAN错误状态、发送邮箱、接收FIFO、超时重试、错误计数。 | E15: 60-90分钟 | F15: 能用自己的话讲清今天概念，并写入笔记。 | G15: 未开始
... A38: Day 7 | B38: 第10周可靠性复盘 | C38: 岗位雷达 | D38: 用可靠性章节重新匹配目标岗位，筛选更适合你的公司。 | E38: 15-20分钟 | F38: 岗位雷达至少新增/更新1条；写清“岗位要求→我差距→下一步”。 | G38: 未开始

Sheet 第11周_架构优化
A1: 第11周 - 代码架构、状态机、可维护性
A3: Day | B3: 今日目标 | C3: 模块 | D3: 具体动作 | E3: 建议耗时 | F3: 完成标准/验收方式 | G3: 状态 | H3: 实际耗时 | I3: 证据链接/文件 | J3: 复盘/问题
A4: Day 1 | B4: 建立分层架构意识 | C4: 早晨复盘 | D4: 画当前项目依赖图，找出main.c、HAL、业务逻辑混在一起的地方。 | E4: 15分钟 | F4: 完成昨日复盘和今日启动，不超过15分钟。 | G4: 未开始
A5: Day 1 | B5: 建立分层架构意识 | C5: 主学习 | D5: 学习BSP/Driver/Service/App分层；接口向上稳定，细节向下隐藏。 | E5: 60-90分钟 | F5: 能用自己的话讲清今天概念，并写入笔记。 | G5: 未开始
A6: Day 1 | B6: 建立分层架构意识 | C6: 摸鱼自学 | D6: 看STM32CubeF4/Zephyr/FreeRTOS等项目目录，比较不同层次。 | E6: 1小时 | F6: 留下源码阅读记录/链接/笔记；不是无目的刷视频。 | G6: 未开始
A7: Day 1 | B7: 建立分层架构意识 | C7: 代码实战 | D7: 重构一个模块：把HAL调用藏到port层或bsp层。 | E7: 60-120分钟 | F7: 上层业务不直接调用底层HAL；接口命名清楚。 | G7: 未开始
A8: Day 1 | B8: 建立分层架构意识 | C8: 岗位雷达 | D8: 岗位中“良好代码习惯/架构设计”如何体现？写成项目证明。 | E8: 15-20分钟 | F8: 岗位雷达至少新增/更新1条；写清“岗位要求→我差距→下一步”。 | G8: 未开始
A9: Day 2 | B9: 用状态机管理复杂流程 | C9: 早晨复盘 | D9: 列出项目中适合状态机的部分：IAP、故障恢复、连接状态、命令处理。 | E9: 15分钟 | F9: 完成昨日复盘和今日启动，不超过15分钟。 | G9: 未开始
A10: Day 2 | B10: 用状态机管理复杂流程 | C10: 主学习 | D10: 学习状态机表驱动/函数指针/事件驱动三种写法。 | E10: 60-90分钟 | F10: 能用自己的话讲清今天概念，并写入笔记。 | G10: 未开始
A11: Day 2 | B11: 用状态机管理复杂流程 | C11: 摸鱼自学 | D11: 看开源项目的state_machine或fsm命名。 | E11: 1小时 | F11: 留下源码阅读记录/链接/笔记；不是无目的刷视频。 | G11: 未开始
A12: Day 2 | B12: 用状态机管理复杂流程 | C12: 代码实战 | D12: 把IAP或通信连接管理改成明确状态机，补状态转移图。 | E12: 60-120分钟 | F12: 状态、事件、动作分离；非法状态有处理。 | G12: 未开始
A13: Day 2 | B13: 用状态机管理复杂流程 | C13: 岗位雷达 | D13: 准备面试回答：为什么状态机比一堆if else更好。 | E13: 15-20分钟 | F13: 岗位雷达至少新增/更新1条；写清“岗位要求→我差距→下一步”。 | G13: 未开始
A14: Day 3 | B14: 配置管理和参数保存 | C14: 早晨复盘 | D14: 复盘参数来源：默认值、Flash保存、串口/CAN/Modbus修改。 | E14: 15分钟 | F14: 完成昨日复盘和今日启动，不超过15分钟。 | G14: 未开始
A15: Day 3 | B15: 配置管理和参数保存 | C15: 主学习 | D15: 设计config_manager：版本、magic、CRC、默认参数、恢复出厂。 | E15: 60-90分钟 | F15: 能用自己的话讲清今天概念，并写入笔记。 | G15: 未开始
... A38: Day 7 | B38: 第11周项目打磨版 | C38: 岗位雷达 | D38: 确定3-5家目标公司和对应岗位，写匹配理由。 | E38: 15-20分钟 | F38: 岗位雷达至少新增/更新1条；写清“岗位要求→我差距→下一步”。 | G38: 未开始

Sheet 第12周_求职面试
A1: 第12周 - 简历、项目包装、面试与投递
A3: Day | B3: 今日目标 | C3: 模块 | D3: 具体动作 | E3: 建议耗时 | F3: 完成标准/验收方式 | G3: 状态 | H3: 实际耗时 | I3: 证据链接/文件 | J3: 复盘/问题
A4: Day 1 | B4: 把项目写进简历 | C4: 早晨复盘 | D4: 列出项目亮点：CAN协议、RTOS任务、Modbus、Bootloader、故障诊断、GitHub。 | E4: 15分钟 | F4: 完成昨日复盘和今日启动，不超过15分钟。 | G4: 未开始
A5: Day 1 | B5: 把项目写进简历 | C5: 主学习 | D5: 学习简历项目写法：背景/技术栈/职责/难点/结果，避免只堆名词。 | E5: 60-90分钟 | F5: 能用自己的话讲清今天概念，并写入笔记。 | G5: 未开始
A6: Day 1 | B6: 把项目写进简历 | C6: 摸鱼自学 | D6: 看目标岗位JD，用它的语言重写项目关键词。 | E6: 1小时 | F6: 留下源码阅读记录/链接/笔记；不是无目的刷视频。 | G6: 未开始
A7: Day 1 | B7: 把项目写进简历 | C7: 代码实战 | D7: 写3版项目描述：简短版、详细版、面试讲述版。 | E7: 60-120分钟 | F7: 每个亮点都有代码或截图证据；不是“熟悉CAN”这种空话。 | G7: 未开始
A8: Day 1 | B8: 把项目写进简历 | C8: 岗位雷达 | D8: 选择10个岗位，判断匹配度A/B/C，不急着全投。 | E8: 15-20分钟 | F8: 岗位雷达至少新增/更新1条；写清“岗位要求→我差距→下一步”。 | G8: 未开始
A9: Day 2 | B9: 准备项目STAR故事 | C9: 早晨复盘 | D9: 选3个项目难点：CAN超时、协议分层、故障诊断、Bootloader状态机。 | E9: 15分钟 | F9: 完成昨日复盘和今日启动，不超过15分钟。 | G9: 未开始
A10: Day 2 | B10: 准备项目STAR故事 | C10: 主学习 | D10: 用STAR法写故事：Situation、Task、Action、Result。 | E10: 60-90分钟 | F10: 能用自己的话讲清今天概念，并写入笔记。 | G10: 未开始
A11: Day 2 | B11: 准备项目STAR故事 | C11: 摸鱼自学 | D11: 看面试经验中嵌入式项目常问问题，整理问题池。 | E11: 1小时 | F11: 留下源码阅读记录/链接/笔记；不是无目的刷视频。 | G11: 未开始
A12: Day 2 | B12: 准备项目STAR故事 | C12: 代码实战 | D12: 每个难点写一段2分钟讲述稿，并录音自查。 | E12: 60-120分钟 | F12: 能不用看笔记讲清3个项目难点；有数据/结果支撑。 | G12: 未开始
A13: Day 2 | B13: 准备项目STAR故事 | C13: 岗位雷达 | D13: 目标公司打探：产品线、岗位团队、技术栈、面试重点。 | E13: 15-20分钟 | F13: 岗位雷达至少新增/更新1条；写清“岗位要求→我差距→下一步”。 | G13: 未开始
A14: Day 3 | B14: 集中准备CAN面试 | C14: 早晨复盘 | D14: 列出CAN必问题：仲裁、过滤器、位时序、错误帧、bus-off、协议设计。 | E14: 15分钟 | F14: 完成昨日复盘和今日启动，不超过15分钟。 | G14: 未开始
A15: Day 3 | B15: 集中准备CAN面试 | C15: 主学习 | D15: 整理CAN问答卡片，每题用“概念+项目里怎么做”回答。 | E15: 60-90分钟 | F15: 能用自己的话讲清今天概念，并写入笔记。 | G15: 未开始
... A38: Day 7 | B38: 制定投递和继续学习计划 | C38: 岗位雷达 | D38: 建立投递看板：已投、沟通中、面试、挂掉、offer；持续调整。 | E38: 15-20分钟 | F38: 岗位雷达至少新增/更新1条；写清“岗位要求→我差距→下一步”。 | G38: 未开始

Sheet 每日总表
A1: 84天每日目标总表（用于快速浏览，不作为状态统计源）
A3: 周次 | B3: Day | C3: 阶段主题 | D3: 今日目标 | E3: 主学习 | F3: 摸鱼自学1小时 | G3: 代码实战/输出 | H3: 岗位雷达 | I3: 完成判定
A4: 第1周 | B4: Day 1 | C4: STM32环境搭建 + GitHub + 学习闭环 | D4: 搭好开发环境，跑通第一个F407工程 | E4: 用CubeMX创建STM32F407最小工程：时钟、GPIO、LED；记录工程生成步骤。 | F4: 在GitHub搜索“STM32F4 HAL LED UART CAN”，收藏3个仓库；记录你看不懂的目录名。 | G4: F407_LED_UART工程 + 环境安装笔记 | H4: Boss/猎聘搜索“嵌入式 STM32 CAN FreeRTOS”，收藏5个岗位，只提取技术关键词。 | I4: 工程能编译下载；上电LED闪烁；串口输出版本号；GitHub仓库已创建或本地git init。
A5: 第1周 | B5: Day 2 | C5: STM32环境搭建 + GitHub + 学习闭环 | D5: 搞清楚启动流程和时钟树 | E5: 学习启动流程：复位向量→startup.s→SystemInit→main；用CubeMX查看RCC/PLL/时钟树。 | F5: 打开STM32CubeF4仓库Projects目录，找到一个GPIO或UART示例，只看README和main.c。 | G5: 时钟树截图 + 启动流程笔记 | H5: 挑2个岗位，把“必须/加分/熟悉”要求拆成三列，录入岗位雷达。 | I5: 能口头说明main之前发生了什么；README有时钟配置和验证方法。
A6: 第1周 | B6: Day 3 | C6: STM32环境搭建 + GitHub + 学习闭环 | D6: 掌握GPIO输入输出和外部中断 | E6: 学习GPIO模式、EXTI外部中断、NVIC优先级、HAL_GPIO_EXTI_Callback调用链。 | F6: 阅读HAL_GPIO_EXTI_IRQHandler和HAL_GPIO_EXTI_Callback源码，标注函数调用顺序。 | G6: 按键中断Demo + 调用链图 | H6: 看1家目标公司官网产品页，记录它做什么设备、用到哪些通信/控制场景。 | I6: 按键不误触发；能说明EXTI和NVIC关系；代码提交day03。
A7: 第1周 | B7: Day 4 | C7: STM32环境搭建 + GitHub + 学习闭环 | D7: 建立串口调试能力 | E7: 学习UART阻塞收发、printf重定向、简单日志等级LOG_INFO/LOG_ERR。 | F7: 阅读CubeF4 UART示例：HAL_UART_Transmit、Receive_IT、RxCpltCallback在哪里。 | G7: 串口命令Demo + 技术词Top5 | H7: 把本周收藏岗位的技术词做一次统计：STM32、CAN、RTOS、Modbus出现几次。 | I7: 串口可控制LED；日志宏可复用；岗位雷达至少8条。
A8: 第1周 | B8: Day 5 | C8: STM32环境搭建 + GitHub + 学习闭环 | D8: 学会第一次上传GitHub | E8: 学习git init/status/add/commit/remote/push；理解暂存区、提交、本地仓库、远程仓库。 | F8: 阅读GitHub官方“Adding a file to a repository”；照着命令做一次。 | G8: GitHub仓库链接 + README | H8: 观察今天新增岗位，不投递；只记录新增的行业方向和薪资范围。 | I8: 远程仓库能看到代码；README不是空的；至少有1次commit。
A9: 第1周 | B9: Day 6 | C9: STM32环境搭建 + GitHub + 学习闭环 | D9: 把代码从“能跑”改成“像工程” | E9: 学习模块化：bsp_led.c/h、bsp_key.c/h、bsp_uart.c/h；头文件保护和接口命名。 | F9: 看FreeRTOS Kernel或STM32CubeF4的目录组织，记录“为什么这样分目录”。 | G9: 模块化后的工程 + 关键词差距表 | H9: 汇总本周岗位关键词Top10，标记自己已会/不会/需要项目证明。 | I9: main.c不再堆满业务代码；每个模块有.c/.h；GitHub提交day06_refactor。
A10: 第1周 | B10: Day 7 | C10: STM32环境搭建 + GitHub + 学习闭环 | D10: 完成第1周复盘和可展示成果 | E10: 整理第1周知识地图：环境、启动、GPIO、UART、GitHub。 | F10: 写一篇GitHub学习日志：本周做了什么、遇到什么问题、下周怎么改。 | G10: week01复盘文档 + GitHub tag/release | H10: 判断岗位高频词里下周是否要提前加强CAN/RTOS；更新学习计划备注。 | I10: Dashboard第1周完成率>80%；GitHub有可打开的README和截图。
A11: 第2周 | B11: Day 1 | C11: GPIO/UART/SPI/I2C/ADC/TIM外设基础 | D11: 把GPIO和定时器基础串起来 | E11: 学习TIM基本定时、中断周期、预分频PSC和ARR的含义。 | F11: 在STM32CubeF4里找TIM Base示例，阅读初始化函数和中断回调。 | G11: TIM心跳Demo | H11: 新增3条岗位，重点看是否要求“定时器/PWM/采集”。 | I11: 能算出1ms/1s定时参数；LED周期稳定；代码提交。
A12: 第2周 | B12: Day 2 | C12: GPIO/UART/SPI/I2C/ADC/TIM外设基础 | D12: 掌握UART中断/DMA接收思路 | E12: 学习UART Receive_IT和DMA循环接收；理解回调、缓冲区、半包/粘包。 | F12: 看HAL_UART_RxCpltCallback示例，记录重新开启接收的位置。 | G12: 串口命令解析模块 | H12: 分析1个要求“串口协议/上位机通信”的岗位，记录它的应用场景。 | I12: 连续输入10条命令不死机；错误命令有提示；README有命令列表。
A13: 第2周 | B13: Day 3 | C13: GPIO/UART/SPI/I2C/ADC/TIM外设基础 | D13: 理解I2C设备通信流程 | E13: 学习I2C读写寄存器流程；如果没有硬件，用伪代码写EEPROM/传感器读写流程。 | F13: 在开源项目里搜索HAL_I2C_Mem_Read，观察别人如何封装驱动。 | G13: I2C寄存器读写模板 | H13: 记录岗位里出现的“传感器/采集/ADC/I2C/SPI”关键词。 | I13: 能说明I2C一次寄存器读取的步骤；接口参数清晰可复用。
A14: 第2周 | B14: Day 4 | C14: GPIO/UART/SPI/I2C/ADC/TIM外设基础 | D14: 理解SPI和片选时序 | E14: 学习SPI模式CPOL/CPHA、CS片选、全双工；看W25Qxx/屏幕驱动常见结构。 | F14: GitHub搜索“STM32F4 W25Qxx HAL SPI”，只看驱动文件命名和初始化。 | G14: SPI驱动模板 + I2C/SPI对比表 | H14: 更新岗位雷达：哪些岗位要求Flash/存储/屏幕/通信外设。 | I14: 能解释CPOL/CPHA；能画出CS拉低-传输-拉高流程。
... A87: 第12周 | B87: Day 7 | C87: 简历、项目包装、面试与投递 | D87: 制定投递和继续学习计划 | E87: 制定接下来4周投递节奏：每天岗位雷达、每周复盘、每周优化项目。 | F87: 总结“摸鱼自学”最有效的3种方式，固化成习惯。 | G87: 12周总结 + 投递看板 + 项目v1.0 | H87: 建立投递看板：已投、沟通中、面试、挂掉、offer；持续调整。 | I87: 不是“学完就结束”，而是进入持续投递和迭代循环。

Sheet CAN专项路线
A1: CAN通信专项路线：从会收发，到能做协议设计
A3: 阶段 | B3: 对应天数 | C3: 必学概念 | D3: 动手实验 | E3: 产出物 | F3: 检查点 | G3: 参考链接/关键词
A4: 硬件与物理层 | B4: 第4周 Day1 | C4: CAN_H/CAN_L、收发器、终端电阻、总线拓扑 | D4: 画接线图；确认是否有USB-CAN/收发器；无硬件则Loopback | E4: CAN硬件准备清单 | F4: 能解释为什么MCU不能直接接CAN总线 | G4: STM32 CAN transceiver SN65HVD230 TJA1050
A5: 帧格式与ID | B5: 第4周 Day2 | C5: 标准帧/扩展帧、DLC、仲裁、优先级 | D5: 设计0x100心跳、0x200状态、0x300命令、0x400故障 | E5: CAN ID表v1 | F5: 每个ID有方向、周期、字段说明 | G5: CAN frame arbitration standard ID
A6: 位时序 | B6: 第4周 Day3 | C6: Prescaler、BS1、BS2、SJW、采样点、500kbps | D6: CubeMX配置CAN1波特率；注释Timing参数 | E6: 位时序计算笔记 | F6: 能根据PCLK说明波特率来源 | G6: STM32 CAN bit timing sample point
A7: 基础收发 | B7: 第4周 Day4 | C7: HAL_CAN_Start/AddTxMessage/RxFifoCallback | D7: Loopback模式发送0x123并打印接收帧 | E7: Loopback Demo | F7: 串口能打印ID/DLC/Data | G7: STM32CubeF4 CAN example
A8: 过滤器 | B8: 第4周 Day5 | C8: Mask/List、FIFO0/FIFO1、ID匹配 | D8: 只接收0x123，过滤0x456 | E8: Filter Demo | F8: 能画出掩码匹配逻辑 | G8: HAL_CAN_ConfigFilter MaskId
A9: 调试工具函数 | B9: 第4周 Day6 | C9: 日志格式、时间戳、错误码、发送失败处理 | D9: can_print_frame/can_send_test | E9: CAN调试工具函数 | F9: 打印格式统一，错误有计数 | G9: USB-CAN python-can CAN log
A10: 协议设计 | B10: 第5周 Day1 | C10: 节点、消息类型、周期、超时、方向 | D10: 写can_protocol.h和协议文档 | E10: 协议v1 | F10: 协议表能指导代码实现 | G10: CANopen PDO SDO Heartbeat concept
A11: 心跳在线 | B11: 第5周 Day2 | C11: heartbeat、last_rx_tick、timeout、上线/离线 | D11: 停止心跳模拟离线，恢复后上线 | E11: 心跳模块 | F11: 离线/上线判定正确 | G11: CANopen heartbeat
A12: 参数读写 | B12: 第5周 Day3 | C12: 请求/响应、参数ID、返回码、序号 | D12: 读取版本、设置LED周期、读取采样值 | E12: 参数读写Demo | F12: 非法参数有错误码 | G12: CAN command response protocol
A13: 故障上报 | B13: 第5周 Day4 | C13: fault_code、level、timestamp、清除条件 | D13: 按键模拟故障，CAN/串口上报 | E13: 故障表和故障模块 | F13: 至少3种故障码 | G13: embedded fault code design
A14: 分层架构 | B14: 第5周 Day5 | C14: bsp_can/can_port/can_protocol/can_app | D14: 重构，协议层不直接调用HAL | E14: 分层CAN工程 | F14: main.c不堆业务 | G14: CANopenNode driver port layer
... A16: 项目展示 | B16: 第5周 Day7 | C16: README、协议表、演示截图、简历描述 | D16: 录制心跳、参数、故障演示 | E16: CAN项目成果包 | F16: 可作为简历项目亮点 | G16: GitHub README embedded project

Sheet 工业源码资源
A1: 工业嵌入式源码与资料入口：每天摸鱼1小时就看这些
A3: 类别 | B3: 资源 | C3: 你要看什么 | D3: 先看路径/关键词 | E3: 对应计划 | F3: URL
A4: STM32官方包 | B4: STM32CubeF4 | C4: 看HAL/LL驱动、CMSIS、Projects/*/Examples，优先看GPIO/UART/TIM/CAN/FLASH示例。 | D4: Projects/*/Examples；Drivers/STM32F4xx_HAL_Driver | E4: 第1-6周 | F4: https://github.com/STMicroelectronics/STM32CubeF4
A5: STM32官方页面 | B5: STM32CubeF4产品页 | C5: 确认CubeMX、HAL、LL、中间件等官方资料来源。 | D5: 页面说明、下载、Release Note | E5: 第1周 | F5: https://www.st.com/en/embedded-software/stm32cubef4.html
A6: RTOS源码 | B6: FreeRTOS Kernel | C6: 看tasks.c、queue.c、list.c、timers.c，理解任务/队列/软件定时器。 | D6: tasks.c；queue.c；FreeRTOSConfig.h | E6: 第3周 | F6: https://github.com/FreeRTOS/FreeRTOS-Kernel
A7: CAN协议栈 | B7: CANopenNode | C7: 先不硬啃全栈，重点理解CANopen的对象字典、PDO、SDO、Heartbeat和驱动适配层。 | D7: 301/；example/；CO_driver_target.h | E7: 第4-5周 | F7: https://github.com/CANopenNode/CANopenNode
A8: Modbus源码 | B8: libmodbus | C8: 学习Modbus RTU/TCP帧处理、寄存器映射、异常码和API风格。 | D8: src/modbus-rtu.c；src/modbus-tcp.c；tests/ | E8: 第8周 | F8: https://github.com/stephane/libmodbus
A9: OPC UA视野 | B9: open62541 | C9: 了解OPC UA在工业上位系统/设备互联中的定位，先看examples和README。 | D9: examples/；include/；plugins/ | E9: 第8周拓展 | F9: https://github.com/open62541/open62541
A10: 网络协议栈 | B10: lwIP | C10: 了解嵌入式TCP/IP为什么要轻量，后续学以太网/Modbus TCP会用到。 | D10: src/core；src/netif；doc/ | E10: 第8周拓展 | F10: https://github.com/lwip-tcpip/lwip
A11: 现代RTOS视野 | B11: Zephyr Project | C11: 看驱动/设备树/样例组织，建立现代嵌入式工程视野。 | D11: samples/；drivers/can；boards/ | E11: 第11周拓展 | F11: https://github.com/zephyrproject-rtos/zephyr
A12: GitHub官方文档 | B12: Adding a file to a repository | C12: 照着官方文档做第一次上传，理解网页上传和命令行提交。 | D12: git add/commit/push；README | E12: 第1周Day5 | F12: https://docs.github.com/en/repositories/working-with-files/managing-files/adding-a-file-to-a-repository
A13: Git官方文档 | B13: git add | C13: 理解暂存区：git add只是把当前内容放入下一次commit。 | D13: git status；git add；git commit | E13: 第1周Day5以后 | F13: https://git-scm.com/docs/git-add

Sheet GitHub上传清单
A1: GitHub上传与每日提交清单
A3: 步骤 | B3: 目标 | C3: 操作/命令 | D3: 完成标准 | E3: 常见坑
A4: 0 | B4: 安装并确认Git | C4: git --version | D4: 能看到Git版本号 | E4: Windows没有git命令就重新安装Git并勾选加入PATH
A5: 1 | B5: 配置用户名邮箱 | C5: git config --global user.name "你的名字" git config --global user.email "你的邮箱" | D5: git config --global --list能看到配置 | E5: 邮箱建议和GitHub一致
A6: 2 | B6: 创建远程仓库 | C6: GitHub网页右上角 New repository，命名 stm32-industrial-learning | D6: 得到一个空仓库URL | E6: 已有本地工程时，远程仓库先不要自动生成一堆文件，减少冲突
A7: 3 | B7: 初始化本地仓库 | C7: cd 你的工程目录 git init git status | D7: 目录下出现.git；status能看到文件变化 | E7: 不要在Keil/CubeMX安装目录里init，要在自己的工程目录
A8: 4 | B8: 添加.gitignore | C8: 创建.gitignore，排除Objects、Listings、Debug、build等编译产物 | D8: git status里主要是源码、README、docs | E8: 不要把大量编译中间文件、临时文件传上去
A9: 5 | B9: 第一次提交 | C9: git add . git commit -m "week01: init stm32 project" | D9: 本地至少有1个commit | E9: git add .只加入当前状态，后续修改还要重新add
A10: 6 | B10: 绑定远程仓库 | C10: git branch -M main git remote add origin https://github.com/你的用户名/仓库名.git | D10: git remote -v能看到origin | E10: URL写错可用git remote set-url origin 新URL
A11: 7 | B11: 推送到GitHub | C11: git push -u origin main | D11: 网页能看到代码和README | E11: 认证失败时用GitHub登录、Token或SSH方式解决
A12: 8 | B12: 每日提交节奏 | C12: git status git add . git commit -m "day05: add can heartbeat" git push | D12: 每个重要功能一个commit | E12: commit message不要全写update/fix，尽量写清楚功能
A13: 9 | B13: README模板 | C13: 项目背景 硬件平台 功能列表 接线说明 编译下载 协议表 演示截图 问题记录 | D13: 别人3分钟能看懂项目价值 | E13: README不要只写一句“学习STM32”
A14: 10 | B14: 阶段版本 | C14: git tag week05_can_protocol git push origin week05_can_protocol | D14: 每周有tag或阶段性里程碑 | E14: tag命名要能看出内容，不要随便v1/v2

Sheet 岗位雷达
A1: 岗位雷达：每天15分钟，防止学完才发现方向错了
A3: 日期 | B3: 公司 | C3: 岗位名 | D3: 城市/薪资 | E3: 行业/产品 | F3: 技术关键词 | G3: JD关键原文 | H3: 我当前差距 | I3: 下一步补强 | J3: 信息来源链接 | K3: 状态 | L3: 备注
B4: 示例：某工控公司 | C4: 嵌入式软件工程师 | D4: 深圳/15-25K | E4: 工业控制/IO模块 | F4: STM32, FreeRTOS, CAN, Modbus | G4: 熟悉CAN/RS485/Modbus，有工业项目经验 | H4: 缺少Modbus实战证据 | I4: 第8周补Modbus寄存器表和Demo | K4: 收藏 | L4: 示例行，可删除
B5: 示例：某新能源公司 | C5: BMS嵌入式工程师 | D5: 上海/18-30K | E5: 新能源/BMS | F5: CAN, UDS, Bootloader, 故障诊断 | G5: 熟悉CAN通信和Bootloader升级 | H5: UDS不了解，Bootloader只有Mock | I5: 第6周强化CAN IAP，面试前了解UDS概念 | K5: 收藏 | L5: 示例行，可删除

Sheet 目标公司打探
A1: 目标公司打探清单：不要只看岗位名，要看产品和业务
A3: 公司 | B3: 优先级 | C3: 产品/业务 | D3: 可能用到的技术 | E3: 招聘岗位链接 | F3: 最近招聘频率 | G3: 面试信息来源 | H3: 我匹配的证据 | I3: 我缺的证据 | J3: 下一步动作 | K3: 备注
A4: 示例：工控/自动化公司 | B4: 匹配 | C4: IO模块、PLC周边、伺服驱动 | D4: STM32, CAN, Modbus, FreeRTOS, RS485 | F4: 待观察 | G4: 牛客/脉脉/官网/招聘JD | H4: 工业IO节点项目 | I4: 真实现场调试经验不足 | J4: 准备项目演示和协议表 | K4: 示例行，可删除
A5: 示例：新能源/BMS公司 | B5: 冲刺 | C5: 电池管理系统、储能 | D5: CAN, UDS, Bootloader, 故障诊断 | F5: 待观察 | G5: 官网/招聘JD/面经 | H5: CAN协议和故障上报项目 | I5: UDS了解不深 | J5: 面试前补UDS基础概念 | K5: 示例行，可删除

Sheet 周复盘
A1: 每周复盘：监督自己，而不是只做计划
A3: 周次 | B3: 本周完成率 | C3: 本周最大产出 | D3: 最卡的点 | E3: 解决动作 | F3: GitHub链接/Tag | G3: 岗位雷达新增数 | H3: 高频关键词Top5 | I3: 下周调整 | J3: 自评分
A4: 第1周 | B4: =IF(COUNTA(第1周_环境GitHub!$G$4:$G$38)=0,0,COUNTIF(第1周_环境GitHub!$G$4:$G$38,"已完成")/COUNTA(第1周_环境GitHub!$G$4:$G$38)) -> 0
A5: 第2周 | B5: =IF(COUNTA(第2周_外设基础!$G$4:$G$38)=0,0,COUNTIF(第2周_外设基础!$G$4:$G$38,"已完成")/COUNTA(第2周_外设基础!$G$4:$G$38)) -> 0
A6: 第3周 | B6: =IF(COUNTA(第3周_FreeRTOS!$G$4:$G$38)=0,0,COUNTIF(第3周_FreeRTOS!$G$4:$G$38,"已完成")/COUNTA(第3周_FreeRTOS!$G$4:$G$38)) -> 0
A7: 第4周 | B7: =IF(COUNTA(第4周_CAN基础!$G$4:$G$38)=0,0,COUNTIF(第4周_CAN基础!$G$4:$G$38,"已完成")/COUNTA(第4周_CAN基础!$G$4:$G$38)) -> 0
A8: 第5周 | B8: =IF(COUNTA(第5周_CAN协议!$G$4:$G$38)=0,0,COUNTIF(第5周_CAN协议!$G$4:$G$38,"已完成")/COUNTA(第5周_CAN协议!$G$4:$G$38)) -> 0
A9: 第6周 | B9: =IF(COUNTA(第6周_Bootloader!$G$4:$G$38)=0,0,COUNTIF(第6周_Bootloader!$G$4:$G$38,"已完成")/COUNTA(第6周_Bootloader!$G$4:$G$38)) -> 0
A10: 第7周 | B10: =IF(COUNTA(第7周_电机控制!$G$4:$G$38)=0,0,COUNTIF(第7周_电机控制!$G$4:$G$38,"已完成")/COUNTA(第7周_电机控制!$G$4:$G$38)) -> 0
A11: 第8周 | B11: =IF(COUNTA(第8周_工业协议!$G$4:$G$38)=0,0,COUNTIF(第8周_工业协议!$G$4:$G$38,"已完成")/COUNTA(第8周_工业协议!$G$4:$G$38)) -> 0
A12: 第9周 | B12: =IF(COUNTA(第9周_综合项目!$G$4:$G$38)=0,0,COUNTIF(第9周_综合项目!$G$4:$G$38,"已完成")/COUNTA(第9周_综合项目!$G$4:$G$38)) -> 0
A13: 第10周 | B13: =IF(COUNTA(第10周_诊断可靠性!$G$4:$G$38)=0,0,COUNTIF(第10周_诊断可靠性!$G$4:$G$38,"已完成")/COUNTA(第10周_诊断可靠性!$G$4:$G$38)) -> 0
A14: 第11周 | B14: =IF(COUNTA(第11周_架构优化!$G$4:$G$38)=0,0,COUNTIF(第11周_架构优化!$G$4:$G$38,"已完成")/COUNTA(第11周_架构优化!$G$4:$G$38)) -> 0
A15: 第12周 | B15: =IF(COUNTA(第12周_求职面试!$G$4:$G$38)=0,0,COUNTIF(第12周_求职面试!$G$4:$G$38,"已完成")/COUNTA(第12周_求职面试!$G$4:$G$38)) -> 0
